{"cameraMode":{"drawMode":0,"name":"Shaded","section":"Shading Mode"},"sceneLighting":true,"audioPlay":false,"sceneViewState":{"showFog":false,"showMaterialUpdate":false,"showSkybox":false,"showFlares":false,"showImageEffects":false,"showParticleSystems":false},"in2DMode":false,"pivot":{"x":203.99249267578126,"y":213.58749389648438,"z":0.0},"rotation":{"x":0.19964934885501862,"y":0.0014697066508233548,"z":-0.00029964750865474343,"w":0.9798682928085327},"size":537.8607788085938,"orthographic":false}