{"cameraMode":{"drawMode":0,"name":"Shaded","section":"Shading Mode"},"sceneLighting":true,"audioPlay":false,"sceneViewState":{"showFog":false,"showMaterialUpdate":false,"showSkybox":false,"showFlares":false,"showImageEffects":false,"showParticleSystems":false},"in2DMode":false,"pivot":{"x":-0.201296865940094,"y":1.0270612239837647,"z":0.13214045763015748},"rotation":{"x":0.10889873653650284,"y":-0.5698832273483276,"z":0.07653342187404633,"w":0.8108800649642944},"size":9.007102966308594,"orthographic":false}