{"cameraMode":{"drawMode":0,"name":"Shaded","section":"Shading Mode"},"sceneLighting":true,"audioPlay":false,"sceneViewState":{"showFog":false,"showMaterialUpdate":false,"showSkybox":false,"showFlares":false,"showImageEffects":false,"showParticleSystems":false},"in2DMode":false,"pivot":{"x":18.193500518798829,"y":-7.606807708740234,"z":3.132124900817871},"rotation":{"x":0.3081182539463043,"y":0.3456096351146698,"z":-0.1212863102555275,"w":0.8780167698860169},"size":24.058706283569337,"orthographic":false}