{"cameraMode":{"drawMode":0,"name":"Shaded","section":"Shading Mode"},"sceneLighting":true,"audioPlay":false,"sceneViewState":{"showFog":false,"showMaterialUpdate":false,"showSkybox":false,"showFlares":false,"showImageEffects":false,"showParticleSystems":false},"in2DMode":false,"pivot":{"x":0.00018900632858276367,"y":0.58693927526474,"z":0.0026570558547973634},"rotation":{"x":0.07487467676401138,"y":0.03530054911971092,"z":-0.002651174319908023,"w":0.9965658187866211},"size":1.4289418458938599,"orthographic":false}